Food_Item,Category,Calories (kcal),Protein (g),Carbohydrates (g),Fat (g),Fiber (g),Sugars (g),Sodium (mg),Cholesterol (mg),Meal_Type,Water_Intake (ml),Unnamed: 12
Scrambled Eggs,Protein/Dairy,180,12.0,2.0,14.0,0.0,1.0,180,370.0,Breakfast,250,
Whole Wheat Toast,Grain,80,4.0,14.0,1.0,2.0,2.0,140,0.0,Breakfast,0,
Banana,Fruit,105,1.3,27.0,0.4,3.1,14.0,1,0.0,Breakfast,0,
Grilled Chicken Salad,Meal/Protein,350,30.0,10.0,20.0,5.0,4.0,400,80.0,Lunch,500,
Apple,Fruit,95,0.5,25.0,0.3,4.4,19.0,2,0.0,Snack,0,
Salmon,Protein/Fish,230,25.0,0.0,14.0,0.0,0.0,60,60.0,Dinner,250,
Quinoa,Grain,222,8.0,39.0,3.6,5.0,1.0,13,0.0,Dinner,0,
Steamed Broccoli,Vegetable,55,3.7,11.2,0.6,5.1,2.0,40,0.0,Dinner,0,
Greek Yogurt,Dairy,150,25.0,8.0,3.0,0.0,7.0,85,10.0,Snack,250,
Oatmeal,Grain,160,6.0,28.0,3.0,4.0,1.0,2,0.0,Breakfast,250,
Blueberries,Fruit,42,0.5,11.0,0.2,1.8,7.0,1,0.0,Breakfast,0,
Almonds,Nut,164,6.0,6.0,14.0,3.5,1.0,1,0.0,Snack,0,
Turkey Sandwich,Meal/Processed,340,22.0,34.0,12.0,5.0,6.0,850,50.0,Lunch,500,
Carrot Sticks,Vegetable,52,1.2,12.3,0.3,3.6,6.0,88,0.0,Snack,0,
Spaghetti Bolognese,Meal/Pasta,460,20.0,55.0,18.0,6.0,10.0,700,50.0,Dinner,250,
Side Salad,Vegetable,70,2.0,8.0,4.0,3.0,3.0,150,0.0,Dinner,0,
Protein Shake,Supplement,120,24.0,3.0,1.0,1.0,2.0,160,5.0,Snack,500,
Cereal,Grain/Processed,130,2.0,31.0,0.0,1.0,11.0,190,0.0,Breakfast,0,
Lentil Soup,Meal/Legume,230,15.0,35.0,3.0,12.0,6.0,650,0.0,Lunch,250,
White Rice,Grain,204,4.2,44.5,0.4,0.6,0.1,2,0.0,Dinner,0,
Tofu Stir-fry,Meal/Vegetarian,400,18.0,30.0,22.0,7.0,9.0,500,0.0,Dinner,250,
Orange,Fruit,62,1.2,15.4,0.2,3.1,12.0,0,0.0,Snack,0,
Bagel,Grain,270,11.0,55.0,1.5,2.0,5.0,430,0.0,Breakfast,250,
Cream Cheese,Dairy,100,2.0,2.0,10.0,0.0,1.0,90,30.0,Breakfast,0,
Tuna Salad,Meal/Fish,190,19.0,2.0,12.0,1.0,1.0,400,30.0,Lunch,500,
Crackers,Grain/Processed,90,2.0,14.0,3.0,2.0,0.0,180,0.0,Lunch,0,
Beef Steak,Protein/Meat,270,42.0,0.0,10.0,0.0,0.0,90,115.0,Dinner,250,
Baked Potato,Vegetable,160,4.3,36.0,0.2,3.8,1.0,17,0.0,Dinner,0,
Ice Cream,Dairy/Dessert,145,2.5,17.0,7.5,0.5,16.0,55,30.0,Snack,0,
Pizza,Meal/Processed,290,12.0,34.0,12.0,2.0,4.0,720,35.0,Dinner,250,
Avocado Toast,Meal/Vegetarian,260,7.0,28.0,15.0,10.0,1.0,350,0.0,Breakfast,500,
Hard-Boiled Egg,Protein,78,6.3,0.6,5.3,0.0,0.5,62,187.0,Snack,0,
Chicken Wrap,Meal/Processed,410,25.0,38.0,17.0,5.0,3.0,780,60.0,Lunch,250,
Grapes,Fruit,104,1.1,27.0,0.2,1.4,23.0,3,0.0,Snack,0,
Burger,Meal/Processed,550,30.0,40.0,30.0,3.0,7.0,1100,90.0,Dinner,500,
Protein Bar,Supplement/Processed,210,20.0,22.0,7.0,6.0,1.0,180,5.0,Snack,500,
Black Beans,Legume,114,7.6,20.4,0.5,7.5,0.3,1,0.0,Lunch,0,
Salsa,Vegetable,20,0.8,4.5,0.1,1.0,3.0,250,0.0,Lunch,0,
Chicken Noodle Soup,Meal/Processed,150,7.0,18.0,5.0,2.0,2.0,890,15.0,Lunch,250,
Peanut Butter,Nut,190,7.0,8.0,16.0,2.0,3.0,140,0.0,Snack,0,
Celery Sticks,Vegetable,14,0.6,3.0,0.2,1.4,1.2,77,0.0,Snack,0,
Cod,Protein/Fish,95,20.0,0.0,0.8,0.0,0.0,95,55.0,Dinner,250,
Green Beans,Vegetable,31,1.8,7.0,0.2,2.7,3.3,6,0.0,Dinner,0,
Chocolate Chip Cookie,Dessert,220,2.5,30.0,11.0,1.5,19.0,160,20.0,Snack,0,
Tea,Beverage,2,0.5,0.0,0.0,0.0,0.0,2,0.0,Breakfast,250,
Shrimp,Protein/Fish,84,20.0,0.2,0.2,0.0,0.0,100,161.0,Dinner,250,
Pancakes,Grain,180,5.0,30.0,5.0,1.0,6.0,450,25.0,Breakfast,0,
Maple Syrup,Condiment,104,0.0,27.0,0.0,0.0,24.0,2,0.0,Breakfast,0,
Sausage Link,Protein/Meat,85,5.0,1.0,7.0,0.0,0.5,300,20.0,Breakfast,0,
Smoothie,Beverage/Meal,280,12.0,55.0,3.0,7.0,40.0,70,5.0,Breakfast,250,
Tofu,Protein/Vegetarian,90,10.0,3.0,5.0,2.0,1.0,10,0.0,Lunch,0,
Brown Rice,Grain,215,5.0,45.0,1.8,3.5,0.4,10,0.0,Lunch,0,
Bell Pepper,Vegetable,31,1.2,6.0,0.3,2.1,4.2,4,0.0,Lunch,0,
Pork Chop,Protein/Meat,220,30.0,0.0,10.0,0.0,0.0,70,85.0,Dinner,250,
Mashed Potatoes,Vegetable,230,4.0,35.0,8.0,3.0,2.0,350,15.0,Dinner,0,
Corn,Vegetable,132,4.7,30.0,1.8,3.6,8.9,2,0.0,Dinner,0,
Soda,Beverage,140,0.0,39.0,0.0,0.0,39.0,45,0.0,Snack,355,
Pretzels,Grain/Processed,110,3.0,23.0,1.0,1.0,1.0,450,0.0,Snack,0,
Cheddar Cheese,Dairy,115,7.0,1.0,9.5,0.0,0.5,180,30.0,Snack,0,
Caesar Salad,Meal/Protein,470,30.0,15.0,30.0,3.0,3.0,890,75.0,Lunch,250,
Orange Juice,Beverage,112,1.7,25.8,0.5,0.7,20.8,2,0.0,Breakfast,240,
Bacon,Protein/Meat,86,6.0,0.2,6.8,0.0,0.1,330,18.0,Breakfast,0,
Waffles,Grain,220,6.0,28.0,9.0,1.5,3.0,420,45.0,Breakfast,0,
Pear,Fruit,101,0.6,27.0,0.2,5.5,16.0,2,0.0,Snack,0,
Chicken Breast,Protein/Meat,185,35.0,0.0,4.0,0.0,0.0,80,95.0,Lunch,500,
Mixed Nuts,Nut,200,6.0,8.0,18.0,3.0,2.0,1,0.0,Snack,0,
Tilapia,Protein/Fish,110,22.0,0.0,2.5,0.0,0.0,50,50.0,Dinner,0,
Sweet Potato,Vegetable,103,2.3,23.6,0.2,3.8,7.4,41,0.0,Dinner,0,
Popcorn,Grain,93,3.0,18.6,1.1,3.6,0.1,2,0.0,Snack,250,
Raisins,Fruit,130,1.3,34.0,0.2,1.6,25.0,5,0.0,Snack,0,
Tomato Soup,Meal/Vegetable,170,4.0,25.0,6.0,4.0,15.0,900,10.0,Lunch,0,
Grilled Cheese Sandwich,Meal/Processed,390,15.0,32.0,22.0,3.0,4.0,800,60.0,Lunch,0,
Beef Tacos,Meal/Meat,380,18.0,28.0,22.0,5.0,3.0,600,50.0,Dinner,500,
Refried Beans,Legume,115,7.0,19.0,1.0,6.0,1.0,480,0.0,Dinner,0,
Guacamole,Vegetable/Condiment,90,1.0,4.0,8.0,3.0,0.5,120,0.0,Dinner,0,
Watermelon,Fruit,46,0.9,11.5,0.2,0.6,9.4,2,0.0,Snack,0,
English Muffin,Grain,134,6.0,26.0,1.0,4.4,1.0,210,0.0,Breakfast,250,
Peanut Butter & Jelly Sandwich,Meal/Processed,390,12.0,50.0,17.0,5.0,20.0,450,0.0,Lunch,250,
Clam Chowder,Meal/Seafood,200,10.0,18.0,9.0,1.0,2.0,870,30.0,Lunch,0,
Iced Tea,Beverage,180,0.0,46.0,0.0,0.0,46.0,15,0.0,Snack,500,
Lasagna,Meal/Pasta,350,20.0,30.0,17.0,4.0,7.0,850,55.0,Dinner,250,
Garlic Bread,Grain,150,4.0,18.0,7.0,1.0,1.0,310,0.0,Dinner,0,
Chocolate Milk,Beverage/Dairy,200,8.0,26.0,8.0,1.0,24.0,160,30.0,Snack,0,
White Bread,Grain,70,2.0,13.0,1.0,0.6,1.2,140,0.0,Breakfast,0,
Jelly,Condiment,50,0.0,13.0,0.0,0.1,12.0,5,0.0,Breakfast,0,
Veggie Burger,Protein/Vegetarian,120,11.0,10.0,4.0,5.0,1.0,350,0.0,Lunch,250,
Bun,Grain,140,4.0,26.0,2.0,1.0,4.0,260,0.0,Lunch,0,
Ketchup,Condiment,20,0.2,5.0,0.1,0.2,4.0,160,0.0,Lunch,0,
Muffin,Grain/Dessert,380,5.0,55.0,16.0,2.0,30.0,350,50.0,Breakfast,250,
Coffee,Beverage,50,0.5,5.0,3.0,0.0,4.5,10,10.0,Breakfast,250,
Potato Chips,Snack/Processed,160,2.0,15.0,10.0,1.0,0.5,170,0.0,Snack,0,
Tzatziki Sauce,Condiment/Dairy,30,1.5,2.0,2.0,0.0,1.5,100,5.0,Dinner,0,
Scallops,Protein/Seafood,95,17.0,5.0,1.0,0.0,0.0,180,35.0,Dinner,0,
Risotto,Meal/Grain,250,7.0,35.0,9.0,3.0,3.0,600,20.0,Dinner,0,
Caprese Salad,Meal/Vegetable,240,10.0,8.0,18.0,2.0,5.0,350,40.0,Lunch,250,
Balsamic Vinaigrette,Condiment,90,0.0,3.0,9.0,0.0,2.5,300,0.0,Lunch,0,
Cherries,Fruit,77,1.6,19.0,0.5,2.5,15.0,0,0.0,Snack,0,
Turkey Bacon,Protein/Meat,70,6.0,1.0,5.0,0.0,0.5,360,30.0,Breakfast,0,
Grits,Grain,150,3.0,32.0,1.0,2.0,0.5,320,0.0,Breakfast,0,
Butter,Condiment/Dairy,100,0.1,0.0,11.0,0.0,0.0,82,30.0,Breakfast,0,
Meatball Sub,Meal/Processed,580,28.0,55.0,27.0,6.0,10.0,1200,70.0,Lunch,500,
Kiwifruit,Fruit,46,0.9,11.1,0.4,2.3,6.7,2,0.0,Snack,0,
Beef Jerky,Snack/Processed,116,9.4,3.1,7.2,0.5,2.5,590,30.0,Snack,0,
Figs,Fruit,74,0.6,19.2,0.3,2.9,16.2,2,0.0,Snack,0,
Lobster,Protein/Seafood,76,16.0,0.0,0.7,0.0,0.0,250,125.0,Dinner,250,
Melted Butter,Condiment,200,0.2,0.0,22.0,0.0,0.0,164,60.0,Dinner,0,
Corn on the Cob,Vegetable,125,5.0,29.0,1.5,3.0,5.0,2,0.0,Dinner,0,
Vegetable Soup,Meal/Vegetable,140,4.0,22.0,4.0,6.0,8.0,780,5.0,Lunch,250,
Saltine Crackers,Grain/Processed,60,1.0,10.0,1.5,0.5,0.0,140,0.0,Lunch,0,
Mango,Fruit,99,1.4,24.7,0.6,2.6,22.5,2,0.0,Snack,0,
Cheesecake,Dessert,320,5.0,28.0,21.0,1.0,20.0,280,65.0,Snack,250,
Pad Thai,Meal/Pasta,550,25.0,60.0,22.0,5.0,10.0,950,70.0,Dinner,500,
Coconut Water,Beverage,46,1.7,8.9,0.5,2.6,6.3,252,0.0,Snack,240,
Kimchi,Vegetable,22,1.7,4.0,0.4,2.4,1.5,750,0.0,Side,0,
Sashimi,Protein/Fish,120,18.0,0.0,5.0,0.0,0.0,45,40.0,Lunch,0,
Wasabi,Condiment,10,0.1,2.2,0.1,0.3,1.0,40,0.0,Lunch,0,
Seaweed Salad,Vegetable,60,2.0,8.0,3.0,2.0,4.0,350,0.0,Lunch,0,
French Onion Soup,Meal,150,6.0,15.0,7.0,2.0,5.0,800,20.0,Lunch,250,
Shepherd's Pie,Meal/Meat,400,20.0,35.0,20.0,6.0,7.0,850,55.0,Dinner,250,
Green Peas,Legume,62,4.1,11.1,0.2,4.4,4.2,2,0.0,Dinner,0,
Apple Pie,Dessert,410,3.0,58.0,19.0,3.0,25.0,320,0.0,Snack,0,
Gin & Tonic,Beverage,170,0.0,13.0,0.0,0.0,13.0,2,0.0,Snack,180,
Red Wine,Beverage,125,0.1,3.8,0.0,0.0,0.9,6,0.0,Dinner,0,
Halibut,Protein/Fish,125,24.0,0.0,2.5,0.0,0.0,60,40.0,Dinner,250,
Quinoa Salad,Meal/Vegetarian,260,9.0,32.0,12.0,6.0,4.0,300,0.0,Lunch,250,
Lemonade,Beverage,99,0.1,26.0,0.0,0.1,25.0,30,0.0,Snack,240,
Pistachios,Nut,159,5.7,7.7,12.8,3.0,2.2,2,0.0,Snack,0,
Oat Milk,Beverage/Dairy-Alt,120,3.0,16.0,5.0,2.0,7.0,100,0.0,Breakfast,0,
Biscuits and Gravy,Meal/Processed,480,10.0,45.0,28.0,2.0,3.0,1100,35.0,Breakfast,250,
Avocado,Fruit,160,2.0,8.5,14.7,6.7,0.7,7,0.0,Breakfast,0,
Corn Flakes,Grain,100,2.0,24.0,0.0,1.0,3.0,200,0.0,Breakfast,0,
T-Bone Steak,Protein/Meat,460,38.0,0.0,33.0,0.0,0.0,110,105.0,Dinner,0,
Creamed Spinach,Vegetable,190,5.0,8.0,16.0,3.0,2.0,450,50.0,Dinner,0,
Pecans,Nut,196,2.6,3.9,20.4,2.7,1.1,0,0.0,Snack,0,
Fruit Cocktail,Fruit,110,1.0,28.0,0.0,2.0,26.0,10,0.0,Snack,0,
Ramen,Meal/Processed,380,9.0,53.0,14.0,2.0,2.0,1580,0.0,Lunch,500,
Mocha Latte,Beverage,360,12.0,48.0,15.0,2.0,42.0,150,45.0,Snack,473,
Cucumber Slices,Vegetable,16,0.7,3.6,0.1,0.5,1.7,2,0.0,Snack,0,
Feta Cheese,Dairy,75,4.0,1.2,6.1,0.0,0.7,316,25.0,Lunch,0,
Olives,Fruit,35,0.2,1.0,3.5,0.5,0.0,210,0.0,Lunch,0,
Chicken Alfredo,Meal/Pasta,680,35.0,45.0,38.0,4.0,5.0,980,120.0,Dinner,250,
Breadstick,Grain,160,4.0,28.0,3.0,1.0,2.0,350,0.0,Dinner,0,
Cobb Salad,Meal/Protein,510,30.0,12.0,38.0,7.0,6.0,800,210.0,Lunch,500,
Blue Cheese Dressing,Condiment,150,1.0,2.0,16.0,0.0,1.0,320,10.0,Lunch,0,
Mandarin Orange,Fruit,37,0.6,9.3,0.2,1.3,7.3,1,0.0,Snack,0,
Cashews,Nut,163,4.3,9.2,13.1,0.9,1.4,140,0.0,Snack,0,
Eggo Waffle,Grain/Processed,180,4.0,30.0,5.0,1.0,4.0,400,0.0,Breakfast,0,
Diet Soda,Beverage,0,0.0,0.0,0.0,0.0,0.0,40,0.0,Lunch,355,
Pulled Pork Sandwich,Meal/Meat,480,25.0,48.0,20.0,3.0,15.0,900,75.0,Lunch,250,
Macadamia Nuts,Nut,204,2.2,3.9,21.5,2.4,1.3,1,0.0,Snack,0,
Crab Cakes,Meal/Seafood,340,20.0,18.0,20.0,1.0,2.0,700,120.0,Dinner,250,
Tartar Sauce,Condiment,60,0.2,2.0,5.5,0.1,1.5,180,5.0,Dinner,0,
Lemon Bar,Dessert,150,1.5,22.0,6.0,0.5,15.0,80,30.0,Snack,0,
Almond Milk,Beverage/Dairy-Alt,30,1.0,1.0,2.5,1.0,0.0,160,0.0,Breakfast,240,
Rice Krispies,Grain,160,3.0,37.0,0.5,0.5,4.0,290,0.0,Breakfast,0,
Sugar,Condiment,16,0.0,4.0,0.0,0.0,4.0,0,0.0,Breakfast,0,
Tuna,Protein/Fish,90,20.0,0.0,1.0,0.0,0.0,250,35.0,Lunch,0,
Lobster Bisque,Meal/Seafood,250,8.0,12.0,18.0,1.0,3.0,850,50.0,Lunch,250,
Reuben Sandwich,Meal/Processed,650,28.0,35.0,40.0,5.0,6.0,1500,100.0,Lunch,500,
Mushroom,Vegetable,15,2.2,2.3,0.2,0.7,1.4,4,0.0,Dinner,0,
Soy Milk,Beverage/Dairy-Alt,110,8.0,9.0,4.5,2.0,6.0,125,0.0,Breakfast,240,
Chicken Tikka Masala,Meal/Meat,480,30.0,20.0,30.0,5.0,8.0,900,95.0,Dinner,250,
Naan Bread,Grain,260,8.0,45.0,5.0,2.0,3.0,450,10.0,Dinner,0,
Cucumber Salad,Vegetable,40,1.0,5.0,2.0,1.0,4.0,200,0.0,Dinner,0,
Vodka Soda,Beverage,100,0.0,0.0,0.0,0.0,0.0,5,0.0,Snack,180,
Chocolate Croissant,Dessert,350,6.0,40.0,19.0,3.0,15.0,300,40.0,Breakfast,250,
Sweet & Sour Chicken,Meal/Processed,380,18.0,45.0,15.0,3.0,25.0,750,50.0,Dinner,0,
Egg Drop Soup,Meal/Vegetable,65,5.0,6.0,2.0,0.5,1.0,780,50.0,Dinner,0,
String Cheese,Dairy,80,6.0,1.0,6.0,0.0,0.0,210,20.0,Snack,0,
Turkey Burger,Protein/Meat,160,22.0,2.0,8.0,0.0,1.0,400,70.0,Lunch,250,
Mustard,Condiment,10,0.5,1.0,0.5,0.5,0.0,160,0.0,Lunch,0,
Potato Salad,Meal/Vegetable,180,2.0,19.0,11.0,2.0,3.0,500,10.0,Lunch,0,
Cranberry Juice,Beverage,130,0.0,33.0,0.0,0.0,30.0,10,0.0,Breakfast,240,
Spinach, Vegetable,7,0.9,1.1,0.1,0.7,0.1,24,0.0,Lunch,0,0.0
Chicken Piccata,Meal/Meat,350,30.0,10.0,20.0,1.0,2.0,600,90.0,Dinner,250,
Angel Hair Pasta,Grain,200,7.0,42.0,1.0,2.0,1.0,1,0.0,Dinner,0,
Olive Oil,Condiment,120,0.0,0.0,14.0,0.0,0.0,0,0.0,Dinner,0,
Garlic,Vegetable,4,0.2,0.9,0.0,0.1,0.0,1,0.0,Dinner,0,
Salami,Protein/Processed,110,6.0,1.0,9.0,0.0,0.5,500,30.0,Snack,0,
Provolone Cheese,Dairy,100,7.0,1.0,8.0,0.0,0.5,250,20.0,Snack,0,
Ginger Ale,Beverage,124,0.0,32.0,0.0,0.0,31.0,40,0.0,Snack,355,
Shrimp Scampi,Meal/Seafood,380,22.0,40.0,15.0,3.0,3.0,750,140.0,Dinner,0,
Tiramisu,Dessert,450,7.0,42.0,28.0,2.0,25.0,150,180.0,Snack,250,
Cereal Bar,Snack/Processed,140,2.0,30.0,3.0,1.0,15.0,110,0.0,Breakfast,250,
Veal Parmesan,Meal/Meat,550,40.0,30.0,30.0,4.0,7.0,1100,130.0,Dinner,250,
Spaghetti,Grain,100,3.5,21.0,0.5,1.0,0.5,0,0.0,Dinner,0,
Hot Chocolate,Beverage,200,3.0,30.0,8.0,2.0,25.0,160,10.0,Snack,240,
Coconut Shrimp,Meal/Seafood,320,10.0,25.0,20.0,3.0,8.0,600,80.0,Dinner,0,
Sweet Chili Sauce,Condiment,70,0.0,17.0,0.0,0.5,16.0,450,0.0,Dinner,0,
White Wine,Beverage,121,0.1,3.8,0.0,0.0,1.4,5,0.0,Dinner,0,
Trail Mix,Snack/Processed,190,5.0,20.0,12.0,3.0,14.0,50,0.0,Snack,250,
Onion Rings,Snack/Processed,280,4.0,30.0,16.0,3.0,4.0,500,0.0,Snack,0,
Poached Egg,Protein,72,6.3,0.4,4.8,0.0,0.4,140,185.0,Breakfast,0,
Canadian Bacon,Protein/Meat,80,12.0,1.0,3.0,0.0,1.0,650,40.0,Breakfast,0,
Eggs Benedict,Meal/Protein,600,25.0,30.0,40.0,3.0,4.0,1100,450.0,Breakfast,250,
Hollandaise Sauce,Condiment,110,1.0,0.5,12.0,0.0,0.2,150,50.0,Breakfast,0,
Spinach Artichoke Dip,Snack/Processed,160,5.0,6.0,14.0,2.0,2.0,350,30.0,Snack,0,
Tortilla Chips,Snack/Processed,140,2.0,19.0,7.0,2.0,0.5,120,0.0,Snack,0,
Chicken Kebab,Meal/Meat,280,30.0,8.0,14.0,3.0,4.0,500,85.0,Dinner,250,
Bell Peppers & Onions,Vegetable,60,1.5,10.0,2.0,3.0,6.0,30,0.0,Dinner,0,
Hummus Wrap,Meal/Vegetarian,450,15.0,60.0,18.0,12.0,5.0,800,0.0,Lunch,500,
Beef Stroganoff,Meal/Pasta,550,30.0,40.0,28.0,4.0,6.0,900,100.0,Dinner,0,
Egg Noodles,Grain,220,8.0,40.0,3.0,2.0,2.0,20,50.0,Dinner,0,
Cottage Cheese,Dairy,160,28.0,6.0,2.5,0.0,4.0,820,10.0,Lunch,250,
Tomato,Vegetable,22,1.1,4.8,0.2,1.5,3.2,6,0.0,Lunch,0,
Black Pepper,Condiment,6,0.2,1.5,0.1,0.6,0.0,0,0.0,Lunch,0,
Chocolate Pudding,Dessert,150,2.0,28.0,4.0,2.0,22.0,130,2.0,Snack,0,
Mackerel,Protein/Fish,175,16.0,0.0,12.0,0.0,0.0,75,65.0,Dinner,0,
Ham,Protein/Meat,110,16.0,2.0,4.0,0.0,1.5,950,45.0,Lunch,0,
Swiss Cheese,Dairy,106,7.6,1.0,8.0,0.0,0.4,54,26.0,Lunch,0,
Rye Bread,Grain,83,2.7,15.5,1.1,1.9,1.2,170,0.0,Lunch,0,
Potato Leek Soup,Meal/Vegetable,180,4.0,25.0,7.0,3.0,4.0,650,15.0,Lunch,250,
Brie Cheese,Dairy,95,6.0,0.1,7.9,0.0,0.1,178,28.0,Snack,0,
Water Cracker,Grain/Processed,70,1.5,12.0,1.5,0.5,0.0,150,0.0,Snack,0,
Grapefruit,Fruit,52,1.1,13.2,0.2,2.0,8.5,0,0.0,Breakfast,0,
Veggie Straws,Snack/Processed,130,1.0,17.0,7.0,1.0,1.0,220,0.0,Snack,0,
Fish Tacos,Meal/Fish,420,25.0,40.0,18.0,6.0,5.0,700,60.0,Dinner,500,
Cabbage Slaw,Vegetable,60,1.0,8.0,3.0,2.0,5.0,120,5.0,Dinner,0,
Lime,Condiment,11,0.2,3.7,0.0,0.4,0.7,1,0.0,Dinner,0,
Beer,Beverage,103,0.9,5.8,0.0,0.0,0.3,10,0.0,Snack,355,
Danish,Dessert,340,7.0,38.0,18.0,2.0,16.0,300,55.0,Breakfast,250,
Kefir,Beverage/Dairy,104,10.0,10.0,2.5,0.0,9.0,100,10.0,Breakfast,240,
Gnocchi,Meal/Pasta,210,4.5,45.0,1.5,3.0,2.0,480,0.0,Dinner,0,
Pesto Sauce,Condiment,260,5.0,4.0,26.0,2.0,1.0,550,5.0,Dinner,0,
Chai Latte,Beverage,190,7.0,32.0,4.0,1.0,30.0,105,15.0,Snack,355,
Manicotti,Meal/Pasta,380,20.0,35.0,18.0,4.0,7.0,650,60.0,Dinner,0,
Italian Sausage,Protein/Meat,200,12.0,3.0,16.0,0.0,1.0,550,50.0,Dinner,0,
Jicama,Vegetable,46,0.9,10.6,0.1,5.8,2.1,5,0.0,Snack,0,
Chili Powder,Condiment,8,0.3,1.4,0.4,0.9,0.2,10,0.0,Snack,0,
Ants on a Log,Snack,180,6.0,12.0,12.0,3.0,7.0,120,0.0,Snack,250,
Split Pea Soup,Meal/Legume,180,11.0,30.0,2.0,10.0,6.0,700,5.0,Lunch,250,
Ham & Cheese Croissant,Meal/Processed,400,15.0,35.0,22.0,2.0,6.0,750,60.0,Breakfast,250,
Espresso,Beverage,5,0.5,0.0,0.1,0.0,0.0,1,0.0,Breakfast,60,
Ricotta Cheese,Dairy,85,5.5,2.5,6.0,0.0,1.0,50,24.0,Dinner,0,
Chicken & Rice Soup,Meal/Processed,130,7.0,18.0,3.0,2.0,2.0,850,15.0,Lunch,250,
Salt,Condiment,0,0.0,0.0,0.0,0.0,0.0,580,0.0,Dinner,0,
Guava,Fruit,68,2.6,14.3,0.9,5.4,8.9,3,0.0,Snack,0,
Club Sandwich,Meal/Processed,580,35.0,40.0,30.0,5.0,7.0,1300,95.0,Lunch,500,
Pickle,Vegetable,17,0.8,3.7,0.2,1.5,1.7,1200,0.0,Snack,0,
Turkey Chili,Meal/Meat,250,22.0,25.0,7.0,8.0,6.0,750,50.0,Dinner,250,
Sour Cream,Condiment/Dairy,60,0.8,1.3,5.8,0.0,0.8,25,12.0,Dinner,0,
Shredded Cheese,Dairy,115,7.0,1.0,9.5,0.0,0.5,180,30.0,Dinner,0,
Matcha Latte,Beverage,180,6.0,28.0,5.0,2.0,25.0,90,20.0,Snack,355,
Chocolate Donut,Dessert,300,4.0,35.0,17.0,2.0,18.0,230,20.0,Breakfast,0,
Tuna Melt,Meal/Processed,450,25.0,32.0,25.0,3.0,4.0,900,50.0,Lunch,250,
Apple Cider,Beverage,117,0.1,29.0,0.3,0.5,27.0,10,0.0,Snack,240,
Beef Burrito,Meal/Processed,650,30.0,70.0,28.0,10.0,5.0,1400,70.0,Dinner,500,
Pico de Gallo,Condiment,15,0.5,3.0,0.0,1.0,2.0,200,0.0,Dinner,0,
Corn Tortilla,Grain,52,1.4,11.2,0.7,1.5,0.2,4,0.0,Dinner,0,
Mussels,Protein/Seafood,146,20.0,6.0,4.0,0.0,0.0,310,48.0,Dinner,0,
White Wine Sauce,Condiment,80,1.0,4.0,6.0,0.5,2.0,300,5.0,Dinner,0,
French Bread,Grain,180,6.0,36.0,1.0,2.0,2.0,380,0.0,Dinner,0,
Blackberries,Fruit,62,2.0,13.8,0.7,7.6,4.9,1,0.0,Snack,0,
Cheese Danish,Dessert,340,7.0,38.0,18.0,2.0,16.0,300,55.0,Breakfast,250,
Chicken Salad Sandwich,Meal/Processed,420,20.0,35.0,20.0,3.0,5.0,850,60.0,Lunch,250,
Soyrizo,Protein/Vegetarian,140,10.0,6.0,9.0,3.0,2.0,450,0.0,Breakfast,0,
Hash Browns,Vegetable,330,3.0,38.0,19.0,3.0,1.0,550,0.0,Breakfast,0,
Philly Cheesesteak,Meal/Processed,500,25.0,40.0,28.0,3.0,5.0,1100,70.0,Lunch,500,
Cheese Whiz,Condiment/Processed,90,4.0,3.0,7.0,0.0,2.0,540,20.0,Lunch,0,
Onions,Vegetable,30,0.5,5.0,1.0,1.0,3.0,5,0.0,Lunch,0,
Raspberries,Fruit,64,1.5,14.7,0.8,8.0,5.4,1,0.0,Snack,0,
Cheesy Grits,Meal/Grain,210,6.0,34.0,6.0,2.0,1.0,550,20.0,Breakfast,0,
Collard Greens,Vegetable,180,10.0,15.0,9.0,8.0,3.0,600,30.0,Dinner,0,
Fried Okra,Vegetable,220,4.0,25.0,12.0,5.0,3.0,450,10.0,Dinner,0,
Sweet Tea,Beverage,180,0.0,46.0,0.0,0.0,46.0,15,0.0,Lunch,473,
Gyro,Meal/Meat,600,25.0,55.0,30.0,5.0,6.0,1200,80.0,Dinner,250,
Pita Bread,Grain,220,7.0,45.0,2.0,2.0,2.0,440,0.0,Dinner,0,
Baklava,Dessert,280,3.0,30.0,18.0,2.0,20.0,80,10.0,Snack,0,
Coconut,Fruit,110,1.0,4.5,10.5,2.0,1.5,3,0.0,Snack,0,
S'more,Dessert,140,2.0,25.0,4.0,1.0,15.0,90,0.0,Snack,0,
Graham Cracker,Grain/Processed,60,1.0,11.0,1.5,0.5,4.0,70,0.0,Snack,0,
Marshmallow,Dessert,23,0.1,5.8,0.0,0.0,4.0,5,0.0,Snack,0,
Chocolate,Dessert,25,0.3,3.0,1.5,0.2,2.8,4,1.0,Snack,0,
Chicken Parm Sandwich,Meal/Processed,650,40.0,55.0,30.0,6.0,9.0,1400,100.0,Lunch,500,
Mozzarella,Dairy,80,6.0,1.0,6.0,0.0,0.5,150,20.0,Lunch,0,
Bread Roll,Grain,200,6.0,38.0,2.0,2.0,3.0,400,0.0,Lunch,0,
Artichoke,Vegetable,60,4.2,13.4,0.2,6.9,1.2,112,0.0,Dinner,0,
Mayonnaise,Condiment,90,0.1,0.1,10.0,0.0,0.1,70,5.0,Dinner,0,
Calamari,Meal/Seafood,150,13.0,8.0,7.0,1.0,1.0,600,220.0,Dinner,0,
Lemon Wedge,Condiment,3,0.1,1.0,0.0,0.3,0.2,0,0.0,Dinner,0,
Root Beer,Beverage,150,0.0,40.0,0.0,0.0,40.0,55,0.0,Snack,355,
Chicken McNuggets,Meal/Processed,270,15.0,16.0,16.0,1.0,0.0,500,40.0,Lunch,0,
BBQ Sauce,Condiment,60,0.5,15.0,0.0,0.5,12.0,350,0.0,Lunch,0,
Honey,Condiment,64,0.1,17.3,0.0,0.0,17.2,1,0.0,Breakfast,0,
Tofu Scramble,Meal/Vegetarian,250,20.0,8.0,16.0,4.0,3.0,300,0.0,Breakfast,250,
Turmeric,Condiment,9,0.3,1.9,0.1,0.7,0.1,1,0.0,Breakfast,0,
Nutritional Yeast,Condiment,20,3.0,2.0,0.0,1.0,0.0,10,0.0,Breakfast,0,
Seitan,Protein/Vegetarian,90,18.0,4.0,1.0,1.0,1.0,300,0.0,Dinner,0,
Vegetable Broth,Beverage,15,1.0,3.0,0.0,1.0,2.0,550,0.0,Dinner,240,
Mashed Cauliflower,Vegetable,140,5.0,12.0,8.0,5.0,4.0,400,25.0,Dinner,0,
Peanut Sauce,Condiment,80,2.0,4.0,6.0,1.0,3.0,250,0.0,Dinner,0,
Tempeh,Protein/Vegetarian,160,16.0,8.0,9.0,5.0,0.0,10,0.0,Lunch,0,
Sauerkraut,Vegetable,14,0.7,3.1,0.1,2.0,1.2,468,0.0,Lunch,0,
Rye Crispbread,Grain,70,2.0,14.0,0.5,3.0,0.0,120,0.0,Lunch,0,
Capers,Condiment,2,0.2,0.4,0.1,0.3,0.1,200,0.0,Dinner,0,
Chicken Liver,Protein/Meat,91,13.6,0.6,3.6,0.0,0.0,50,320.0,Dinner,0,
Onion,Vegetable,32,0.9,7.5,0.1,1.4,3.8,3,0.0,Dinner,0,
Bok Choy,Vegetable,10,1.5,2.0,0.1,1.0,1.0,40,0.0,Dinner,0,
Gummy Bears,Snack/Dessert,100,2.0,22.0,0.0,0.0,15.0,10,0.0,Snack,0,
Whiskey,Beverage,105,0.0,0.1,0.0,0.0,0.1,1,0.0,Snack,0,
Dates,Fruit,133,0.8,36.0,0.1,3.2,32.0,1,0.0,Snack,0,
Tahini,Condiment,89,2.6,3.2,8.0,1.4,0.1,17,0.0,Snack,0,
Chickpeas,Legume,135,7.0,22.0,2.0,6.0,3.0,250,0.0,Lunch,0,
Lettuce,Vegetable,16,1.0,3.0,0.3,2.0,1.0,10,0.0,Lunch,0,
Italian Dressing,Condiment,70,0.0,3.0,7.0,0.0,2.0,300,0.0,Lunch,0,
Turkey Sausage,Protein/Meat,70,9.0,1.0,4.0,0.0,0.5,280,35.0,Breakfast,0,
Margarita,Beverage,200,0.1,20.0,0.0,0.1,19.0,5,0.0,Snack,120,
Quesadilla,Meal/Processed,400,18.0,35.0,22.0,3.0,2.0,700,50.0,Lunch,250,
Red Cabbage,Vegetable,22,1.1,5.2,0.1,1.6,2.8,8,0.0,Dinner,0,
Duck,Protein/Meat,285,16.0,0.0,24.0,0.0,0.0,65,72.0,Dinner,0,
Orange Sauce,Condiment,90,0.5,22.0,0.0,0.5,20.0,200,0.0,Dinner,0,
Wild Rice,Grain,166,6.5,35.0,0.6,3.0,1.2,5,0.0,Dinner,0,
Cupcake,Dessert,240,2.0,35.0,11.0,1.0,25.0,200,30.0,Snack,0,
Frosting,Condiment,140,0.0,22.0,6.0,0.0,22.0,65,0.0,Snack,0,
Hot Sauce,Condiment,0,0.0,0.0,0.0,0.0,0.0,35,0.0,Breakfast,0,
Bison Burger,Protein/Meat,150,22.0,0.0,7.0,0.0,0.0,65,70.0,Lunch,250,
Pretzel Bun,Grain,230,8.0,45.0,2.0,2.0,4.0,550,0.0,Lunch,0,
Spicy Mustard,Condiment,10,0.5,1.0,0.5,0.5,0.0,120,0.0,Lunch,0,
Pasta Salad,Meal/Pasta,280,8.0,30.0,14.0,4.0,5.0,450,10.0,Lunch,0,
Pepperoncini,Vegetable,10,0.5,2.0,0.0,1.0,1.0,350,0.0,Lunch,0,
Coconut Milk,Condiment,111,1.1,2.9,11.6,0.5,1.5,8,0.0,Dinner,0,
Green Curry Paste,Condiment,30,0.5,2.0,2.5,1.0,1.0,400,0.0,Dinner,0,
Chicken Thigh,Protein/Meat,210,24.0,0.0,13.0,0.0,0.0,90,120.0,Dinner,0,
Jasmine Rice,Grain,205,4.3,45.0,0.4,0.6,0.0,2,0.0,Dinner,0,
Thai Iced Tea,Beverage,250,3.0,35.0,12.0,0.0,33.0,50,35.0,Snack,300,
Papaya,Fruit,62,0.6,15.7,0.4,2.5,11.0,12,0.0,Snack,0,
Lime Juice,Condiment,4,0.1,1.3,0.0,0.1,0.2,0,0.0,Snack,0,
Macaroni Salad,Meal/Pasta,380,8.0,30.0,25.0,3.0,6.0,750,20.0,Lunch,0,
Celery,Vegetable,6,0.3,1.2,0.1,0.6,0.5,32,0.0,Lunch,0,
Blue Cheese,Dairy,100,6.0,0.7,8.0,0.0,0.1,325,21.0,Snack,0,
Dark Chocolate,Dessert,170,2.2,13.0,12.0,3.0,7.0,5,0.0,Snack,0,
Acai Bowl,Meal/Fruit,350,5.0,60.0,12.0,10.0,30.0,40,0.0,Breakfast,250,
Granola,Grain,120,3.0,15.0,6.0,3.0,7.0,20,0.0,Breakfast,0,
Coconut Flakes,Fruit,35,0.3,1.5,3.3,0.7,0.5,1,0.0,Breakfast,0,
Shrimp Cocktail,Protein/Seafood,60,10.0,1.0,1.0,0.0,0.5,300,110.0,Snack,0,
Cocktail Sauce,Condiment,30,0.5,7.0,0.0,0.5,5.0,450,0.0,Snack,0,
Pork Bun,Meal/Processed,220,8.0,30.0,8.0,2.0,6.0,400,20.0,Lunch,0,
Dim Sum,Meal/Processed,180,12.0,10.0,10.0,2.0,1.0,550,60.0,Lunch,0,
Soy Sauce,Condiment,9,1.0,1.0,0.0,0.1,0.4,920,0.0,Lunch,0,
Oyster,Protein/Seafood,8,1.0,0.5,0.2,0.0,0.0,50,10.0,Dinner,0,
Mignonette Sauce,Condiment,5,0.0,1.0,0.0,0.0,0.5,30,0.0,Dinner,0,
Beef Pho,Meal/Soup,450,30.0,55.0,12.0,4.0,5.0,1500,60.0,Dinner,500,
Bean Sprouts,Vegetable,8,0.8,1.5,0.1,0.4,1.0,1,0.0,Dinner,0,
Thai Basil,Condiment,1,0.1,0.0,0.0,0.0,0.0,0,0.0,Dinner,0,
Lime Wedge,Condiment,3,0.1,1.0,0.0,0.3,0.2,0,0.0,Dinner,0,
Jalapeno,Vegetable,4,0.1,0.8,0.1,0.4,0.5,1,0.0,Dinner,0,
Hoisin Sauce,Condiment,35,0.3,8.0,0.2,0.1,5.0,220,0.0,Dinner,0,
Sriracha,Condiment,5,0.1,1.0,0.1,0.1,0.8,80,0.0,Dinner,0,
Crepe,Grain,90,3.5,14.0,2.0,0.5,3.0,100,25.0,Breakfast,0,
Nutella,Condiment,100,1.5,11.0,6.0,1.0,10.0,10,0.0,Breakfast,0,
Powdered Sugar,Condiment,10,0.0,2.5,0.0,0.0,2.5,0,0.0,Breakfast,0,
Sake,Beverage,117,0.4,3.8,0.0,0.0,0.0,4,0.0,Dinner,0,
Edamame,Legume,120,11.0,9.0,5.0,5.0,2.0,9,0.0,Snack,250,
Sea Salt,Condiment,0,0.0,0.0,0.0,0.0,0.0,550,0.0,Snack,0,
Biryani,Meal/Meat,520,28.0,60.0,18.0,5.0,6.0,900,75.0,Dinner,0,
Raita,Condiment/Dairy,30,1.0,2.0,2.0,0.5,1.5,100,5.0,Dinner,0,
Lassi,Beverage,180,5.0,30.0,4.0,1.0,28.0,60,15.0,Snack,240,
Samosa,Snack/Processed,130,2.0,18.0,6.0,2.0,1.0,300,0.0,Snack,0,
Tamarind Chutney,Condiment,20,0.1,5.0,0.0,0.5,4.0,120,0.0,Snack,0,
Mint Chutney,Condiment,5,0.2,0.5,0.0,0.3,0.2,150,0.0,Snack,0,
Pani Puri,Snack/Processed,200,4.0,35.0,5.0,3.0,2.0,400,0.0,Snack,0,
Passion Fruit,Fruit,17,0.4,4.2,0.1,1.9,2.0,5,0.0,Snack,0,
Kimchi Jjigae,Meal/Soup,350,15.0,20.0,22.0,5.0,6.0,1200,30.0,Dinner,500,
Silken Tofu,Protein/Vegetarian,45,5.0,2.0,2.5,0.5,1.0,5,0.0,Dinner,0,
Pork Belly,Protein/Meat,145,3.0,0.0,15.0,0.0,0.0,150,20.0,Dinner,0,
Gochugaru,Condiment,10,0.3,1.8,0.3,0.5,0.3,1,0.0,Dinner,0,
Gochujang,Condiment,30,0.5,6.0,0.0,0.5,4.0,200,0.0,Dinner,0,
Sesame Oil,Condiment,40,0.0,0.0,4.5,0.0,0.0,0,0.0,Dinner,0,
Fish Sauce,Condiment,5,0.4,0.5,0.0,0.0,0.4,450,0.0,Dinner,0,
Green Onion,Vegetable,3,0.2,0.7,0.0,0.2,0.2,0,0.0,Dinner,0,
Kombucha,Beverage,60,0.0,14.0,0.0,0.0,12.0,20,0.0,Snack,473,
Beef Wellington,Meal/Meat,600,30.0,35.0,38.0,4.0,4.0,850,100.0,Dinner,0,
Pate,Condiment,70,1.0,2.0,7.0,1.0,1.0,100,0.0,Dinner,0,
Puff Pastry,Grain,115,1.5,9.0,8.0,0.5,0.0,100,0.0,Dinner,0,
Asparagus,Vegetable,40,4.0,4.0,2.0,3.0,2.0,150,0.0,Dinner,0,
Flan,Dessert,220,6.0,35.0,7.0,0.0,33.0,80,90.0,Snack,0,
Caramel Sauce,Condiment,60,0.0,13.0,1.0,0.0,12.0,30,5.0,Snack,0,
Congee,Meal/Grain,130,2.5,28.0,1.0,1.0,0.5,300,0.0,Breakfast,0,
Radish,Vegetable,15,0.5,3.0,0.0,1.0,2.0,250,0.0,Breakfast,0,
Pork Floss,Protein/Meat,50,4.0,3.0,2.0,0.0,2.5,150,10.0,Breakfast,0,
Century Egg,Protein,100,7.0,1.0,7.0,0.0,0.5,300,200.0,Breakfast,0,
Arugula,Vegetable,10,1.0,0.8,0.2,0.4,0.4,6,0.0,Lunch,0,
Goat Cheese,Dairy,103,6.1,0.1,8.5,0.0,0.1,146,22.0,Lunch,0,
Beets,Vegetable,30,0.8,6.8,0.1,1.4,5.8,50,0.0,Lunch,0,
Walnuts,Nut,46,1.1,1.0,4.6,0.5,0.2,0,0.0,Lunch,0,
Balsamic Glaze,Condiment,40,0.0,9.0,0.0,0.0,8.0,10,0.0,Lunch,0,
Bobotie,Meal/Meat,450,25.0,30.0,25.0,5.0,15.0,700,150.0,Dinner,0,
Yellow Rice,Grain,230,4.0,50.0,1.0,2.0,1.0,300,0.0,Dinner,0,
Chutney,Condiment,45,0.1,11.0,0.1,0.5,10.0,180,0.0,Dinner,0,
Malva Pudding,Dessert,380,5.0,60.0,14.0,2.0,40.0,350,60.0,Snack,0,
Custard,Condiment,80,3.0,10.0,3.0,0.0,8.0,40,40.0,Snack,0,
Bubble Tea,Beverage,320,2.0,70.0,4.0,1.0,60.0,100,10.0,Snack,473,
Tapioca Pearls,Condiment,100,0.0,25.0,0.0,0.0,20.0,5,0.0,Snack,0,
Paella,Meal/Rice,550,30.0,70.0,18.0,6.0,5.0,1200,110.0,Dinner,0,
Chorizo,Protein/Meat,130,6.0,1.0,11.0,0.0,0.5,350,30.0,Dinner,0,
Saffron,Condiment,1,0.0,0.1,0.0,0.0,0.0,0,0.0,Dinner,0,
Aioli,Condiment,95,0.1,0.5,10.5,0.0,0.1,70,5.0,Dinner,0,
Gazpacho,Meal/Soup,90,2.0,12.0,4.0,3.0,7.0,600,0.0,Lunch,240,
Croutons,Grain,50,1.5,7.0,2.0,0.5,0.5,140,0.0,Lunch,0,
Churros,Dessert,240,3.0,30.0,12.0,1.5,10.0,200,20.0,Snack,0,
Chocolate Sauce,Condiment,50,0.5,10.0,1.5,1.0,8.0,5,0.0,Snack,0,
Cinnamon Sugar,Condiment,20,0.0,5.0,0.0,0.0,5.0,0,0.0,Snack,0,
Horchata,Beverage,140,2.0,25.0,3.0,1.0,22.0,30,5.0,Snack,240,
Ceviche,Meal/Fish,180,25.0,15.0,2.0,3.0,4.0,700,45.0,Lunch,0,
Red Onion,Vegetable,16,0.3,3.7,0.0,0.4,1.8,1,0.0,Lunch,0,
Cilantro,Condiment,1,0.1,0.0,0.0,0.1,0.0,0,0.0,Lunch,0,
Corn Nuts,Snack/Processed,130,2.0,23.0,4.0,2.0,0.0,180,0.0,Snack,0,
Lomo Saltado,Meal/Meat,500,35.0,45.0,22.0,5.0,6.0,1100,90.0,Dinner,0,
Aji Amarillo Paste,Condiment,5,0.1,1.0,0.0,0.5,0.5,50,0.0,Dinner,0,
Pisco Sour,Beverage,250,1.0,25.0,0.0,0.0,24.0,5,5.0,Snack,180,
Egg White,Condiment,17,3.6,0.2,0.0,0.0,0.2,55,0.0,Snack,0,
Angostura Bitters,Condiment,5,0.0,0.0,0.0,0.0,0.0,0,0.0,Snack,0,
Alfajores,Dessert,180,2.0,22.0,10.0,1.0,15.0,60,20.0,Snack,0,
Dulce de Leche,Condiment,65,1.0,12.0,1.5,0.0,10.0,30,5.0,Snack,0,
Mate,Beverage,5,0.2,1.0,0.0,0.0,0.0,2,0.0,Breakfast,240,
Media Luna,Grain,190,4.0,25.0,8.0,1.0,9.0,150,25.0,Breakfast,0,
Chimichurri,Condiment,45,0.1,0.5,4.5,0.2,0.1,100,0.0,Dinner,0,
Skirt Steak,Protein/Meat,240,26.0,0.0,15.0,0.0,0.0,70,80.0,Dinner,0,
Provoleta,Dairy,100,7.0,1.0,8.0,0.0,0.5,250,20.0,Dinner,0,
Oregano,Condiment,3,0.1,0.7,0.0,0.2,0.0,0,0.0,Dinner,0,
Empanada,Meal/Processed,290,10.0,28.0,16.0,3.0,3.0,550,30.0,Lunch,0,
Chicken Milanesa,Meal/Meat,450,35.0,30.0,22.0,3.0,2.0,700,100.0,Dinner,0,
Choripan,Meal/Processed,550,20.0,40.0,35.0,3.0,4.0,1100,80.0,Lunch,250,
Baguette,Grain,70,2.5,14.0,0.5,0.6,0.5,150,0.0,Lunch,0,
Fresh Mozzarella,Dairy,72,5.0,0.8,5.0,0.0,0.3,138,22.0,Dinner,0,
Basil,Condiment,1,0.1,0.1,0.0,0.1,0.0,0,0.0,Dinner,0,
Carbonara,Meal/Pasta,650,25.0,60.0,35.0,4.0,4.0,900,250.0,Dinner,0,
Guanciale,Protein/Meat,170,3.0,0.0,18.0,0.0,0.0,450,35.0,Dinner,0,
Pecorino Cheese,Dairy,25,1.5,0.1,2.0,0.0,0.0,110,6.0,Dinner,0,
Egg Yolk,Protein,55,2.7,0.6,4.5,0.0,0.3,8,184.0,Dinner,0,
Supplì,Snack/Processed,200,8.0,25.0,8.0,2.0,2.0,400,25.0,Snack,0,
Aperol Spritz,Beverage,180,0.0,20.0,0.0,0.0,20.0,10,0.0,Snack,150,
Prosecco,Beverage,70,0.0,2.0,0.0,0.0,1.5,5,0.0,Snack,0,
Club Soda,Beverage,0,0.0,0.0,0.0,0.0,0.0,20,0.0,Snack,0,
Orange Slice,Fruit,5,0.1,1.0,0.0,0.2,0.8,0,0.0,Snack,0,
Tagliatelle al Ragù,Meal/Pasta,550,28.0,65.0,20.0,7.0,8.0,850,70.0,Dinner,500,
Ground Beef,Protein/Meat,140,11.0,0.0,10.0,0.0,0.0,40,35.0,Dinner,0,
Pancetta,Protein/Meat,45,1.5,0.0,4.5,0.0,0.0,160,10.0,Dinner,0,
Carrot,Vegetable,10,0.2,2.4,0.1,0.7,1.2,17,0.0,Dinner,0,
Crushed Tomatoes,Vegetable,20,1.0,4.0,0.0,1.5,3.0,200,0.0,Dinner,0,
Parmigiano-Reggiano,Dairy,22,2.0,0.2,1.5,0.0,0.0,95,4.0,Dinner,0,
Cannoli,Dessert,240,5.0,25.0,13.0,1.0,18.0,100,30.0,Snack,0,
Ricotta,Dairy,49,3.2,0.8,3.8,0.0,0.1,23,14.0,Snack,0,
Pistachio,Nut,10,0.4,0.5,0.8,0.2,0.1,0,0.0,Snack,0,
Biscotti,Dessert,110,2.0,18.0,4.0,1.0,9.0,50,15.0,Snack,0,
Focaccia,Grain,250,8.0,40.0,7.0,2.0,2.0,500,0.0,Lunch,0,
Coarse Salt,Condiment,0,0.0,0.0,0.0,0.0,0.0,200,0.0,Lunch,0,
Bruschetta,Snack/Appetizer,180,4.0,25.0,7.0,3.0,4.0,350,0.0,Snack,0,
Ribollita,Meal/Soup,350,15.0,55.0,8.0,14.0,10.0,900,5.0,Dinner,500,
Cannellini Beans,Legume,105,7.0,20.0,0.5,6.0,1.0,230,0.0,Dinner,0,
Kale,Vegetable,33,2.9,6.0,0.6,2.0,1.0,29,0.0,Dinner,0,
Stale Bread,Grain,80,3.0,15.0,1.0,1.0,1.5,160,0.0,Dinner,0,
Polenta,Meal/Grain,150,3.0,32.0,1.0,3.0,1.0,350,5.0,Dinner,0,
Gorgonzola Cheese,Dairy,100,6.0,0.7,8.0,0.0,0.1,325,21.0,Dinner,0,
Negroni,Beverage,190,0.0,15.0,0.0,0.0,15.0,5,0.0,Snack,90,
Gin,Beverage,70,0.0,0.0,0.0,0.0,0.0,0,0.0,Snack,0,
Campari,Beverage,80,0.0,10.0,0.0,0.0,10.0,5,0.0,Snack,0,
Sweet Vermouth,Beverage,40,0.0,5.0,0.0,0.0,5.0,0,0.0,Snack,0,
Orange Peel,Condiment,1,0.0,0.2,0.0,0.1,0.0,0,0.0,Snack,0,
Osso Buco,Meal/Meat,550,45.0,15.0,30.0,4.0,6.0,900,150.0,Dinner,0,
Gremolata,Condiment,15,0.5,1.0,1.0,0.5,0.5,5,0.0,Dinner,0,
Risotto alla Milanese,Meal/Rice,350,10.0,50.0,12.0,3.0,3.0,700,30.0,Dinner,0,
Panettone,Dessert,320,6.0,50.0,12.0,3.0,25.0,200,70.0,Snack,0,
Candied Fruit,Fruit,30,0.0,8.0,0.0,0.5,8.0,5,0.0,Snack,0,
Amaretti Cookie,Dessert,90,2.0,12.0,4.0,1.0,10.0,10,0.0,Snack,0,
Limoncello,Beverage,150,0.0,18.0,0.0,0.0,18.0,0,0.0,Snack,0,
Panna Cotta,Dessert,300,4.0,25.0,20.0,0.0,22.0,50,70.0,Snack,0,
Berry Coulis,Condiment,20,0.0,5.0,0.0,0.5,4.5,0,0.0,Snack,0,
Saltimbocca,Meal/Meat,380,38.0,5.0,22.0,0.5,1.0,850,120.0,Dinner,0,
Prosciutto,Protein/Meat,35,4.0,0.0,2.5,0.0,0.0,280,10.0,Dinner,0,
Caponata,Meal/Vegetable,180,2.0,15.0,14.0,5.0,9.0,400,0.0,Dinner,0,
Eggplant,Vegetable,40,0.5,6.0,2.0,2.0,3.0,150,0.0,Dinner,0,
Gelato,Dessert,220,5.0,24.0,12.0,2.0,20.0,60,40.0,Snack,0,
Waffle Cone,Grain,70,1.0,13.0,1.5,0.5,7.0,30,5.0,Snack,0,
Cacio e Pepe,Meal/Pasta,500,18.0,65.0,19.0,4.0,3.0,700,50.0,Dinner,0,
Pecorino Romano,Dairy,110,7.5,1.0,8.5,0.0,0.0,450,25.0,Dinner,0,
Fiorentina Steak,Protein/Meat,230,24.0,0.0,15.0,0.0,0.0,60,75.0,Dinner,0,
Rosemary,Condiment,1,0.0,0.2,0.0,0.1,0.0,0,0.0,Dinner,0,
White Beans,Legume,150,8.0,20.0,4.0,7.0,2.0,350,0.0,Dinner,0,
Sage,Condiment,1,0.0,0.1,0.0,0.1,0.0,0,0.0,Dinner,0,
Arancini,Snack/Processed,250,9.0,30.0,10.0,3.0,3.0,500,30.0,Snack,0,
Ragù,Condiment,25,1.5,1.0,1.5,0.5,0.5,60,5.0,Snack,0,
Breadcrumbs,Grain,25,0.5,4.0,0.5,0.5,0.5,50,0.0,Snack,0,
Campari & Soda,Beverage,85,0.0,10.0,0.0,0.0,10.0,25,0.0,Snack,150,
Olive,Fruit,5,0.0,0.1,0.5,0.1,0.0,30,0.0,Snack,0,
Vitello Tonnato,Meal/Meat,380,35.0,3.0,25.0,0.5,1.0,600,110.0,Lunch,0,
Tuna Sauce,Condiment,100,4.0,1.0,9.0,0.0,0.5,200,15.0,Lunch,0,
Lemon Slice,Condiment,1,0.0,0.3,0.0,0.1,0.1,0,0.0,Lunch,0,
Gnocchi alla Sorrentina,Meal/Pasta,450,15.0,60.0,18.0,6.0,9.0,800,40.0,Dinner,0,
Tomato Sauce,Condiment,40,1.5,7.0,1.0,2.0,4.0,350,0.0,Dinner,0,
Pesto,Condiment,290,5.0,4.0,29.0,2.0,1.0,600,5.0,Dinner,0,
Pine Nuts,Nut,95,2.0,2.0,10.0,0.5,0.5,0,0.0,Dinner,0,
Trofie Pasta,Grain,210,7.0,43.0,1.0,2.0,1.0,5,0.0,Dinner,0,
Potato,Vegetable,65,1.0,15.0,0.1,1.0,0.5,3,0.0,Dinner,0,
Espresso Martini,Beverage,280,0.5,25.0,0.0,0.0,25.0,5,0.0,Snack,120,
Vodka,Beverage,97,0.0,0.0,0.0,0.0,0.0,0,0.0,Snack,0,
Coffee Liqueur,Beverage,100,0.0,15.0,0.0,0.0,15.0,2,0.0,Snack,0,
Simple Syrup,Condiment,30,0.0,8.0,0.0,0.0,8.0,0,0.0,Snack,0,
Coffee Beans,Snack,2,0.1,0.3,0.0,0.1,0.0,0,0.0,Snack,0,
Baba Ganoush,Meal/Vegetable,100,2.0,8.0,7.0,4.0,2.0,300,0.0,Snack,0,
Falafel,Meal/Vegetarian,180,6.0,18.0,9.0,4.0,1.0,320,0.0,Lunch,0,
Tahini Sauce,Condiment,30,1.0,1.5,2.5,0.5,0.0,45,0.0,Lunch,0,
Turnip,Vegetable,10,0.2,2.0,0.0,0.5,1.0,200,0.0,Lunch,0,
Shawarma,Meal/Processed,550,30.0,50.0,25.0,6.0,5.0,1100,80.0,Lunch,250,
Hummus,Legume,130,5.0,10.0,8.0,4.0,1.0,250,0.0,Lunch,0,
Tabouli,Meal/Vegetarian,120,3.0,15.0,6.0,4.0,2.0,300,0.0,Lunch,0,
Bulgur,Grain,76,2.7,16.8,0.2,4.1,0.1,4,0.0,Lunch,0,
Parsley,Vegetable,5,0.3,1.0,0.1,0.5,0.1,5,0.0,Lunch,0,
Mint,Condiment,1,0.1,0.1,0.0,0.1,0.0,0,0.0,Lunch,0,
Lemon Juice,Condiment,4,0.1,1.3,0.0,0.1,0.2,0,0.0,Lunch,0,
Kibbeh,Meal/Meat,230,9.0,20.0,13.0,3.0,1.0,450,30.0,Snack,0,
Ground Lamb,Protein/Meat,80,5.5,0.0,6.0,0.0,0.0,20,20.0,Snack,0,
Cumin,Condiment,8,0.3,1.5,0.5,0.4,0.1,3,0.0,Lunch,0,
Coriander,Condiment,5,0.1,1.0,0.2,0.5,0.0,1,0.0,Lunch,0,
Pita Crisps,Snack/Processed,130,3.0,18.0,5.0,2.0,1.0,240,0.0,Lunch,0,
Manakeesh,Meal/Vegetarian,300,7.0,45.0,10.0,4.0,2.0,500,0.0,Breakfast,0,
Za'atar,Condiment,40,1.0,3.0,3.0,1.5,0.0,150,0.0,Breakfast,0,
Labneh,Dairy,60,4.0,2.0,4.0,0.0,2.0,80,15.0,Breakfast,0,
Cucumber,Vegetable,8,0.3,1.8,0.0,0.2,0.8,1,0.0,Breakfast,0,
Mint Tea,Beverage,2,0.1,0.5,0.0,0.0,0.0,5,0.0,Breakfast,240,
Stuffed Grape Leaves,Meal/Vegetarian,150,3.0,20.0,7.0,3.0,3.0,400,0.0,Snack,0,
Rice,Grain,51,1.1,11.1,0.1,0.1,0.0,0,0.0,Snack,0,
Turkish Coffee,Beverage,5,0.2,0.5,0.0,0.0,0.0,1,0.0,Snack,60,
Cardamom,Condiment,1,0.0,0.2,0.0,0.1,0.0,0,0.0,Snack,0,
Shish Tawook,Meal/Meat,300,35.0,5.0,16.0,1.0,2.0,600,100.0,Dinner,0,
Garlic Sauce,Condiment,90,0.1,1.0,10.0,0.0,0.5,80,5.0,Dinner,0,
French Fries,Vegetable/Processed,340,4.0,44.0,17.0,4.0,0.3,230,0.0,Dinner,0,
Pickled Cucumber,Vegetable,10,0.5,2.0,0.0,1.0,1.0,300,0.0,Dinner,0,
Fattoush Salad,Meal/Vegetarian,250,5.0,25.0,15.0,6.0,5.0,500,0.0,Lunch,0,
Fried Pita,Grain,80,2.0,12.0,3.0,1.0,0.5,150,0.0,Lunch,0,
Sumac,Condiment,5,0.1,1.0,0.2,0.5,0.0,1,0.0,Lunch,0,
Pomegranate,Condiment,15,0.0,4.0,0.0,0.0,4.0,0,0.0,Lunch,0,
Milk,Dairy,122,8.0,12.0,5.0,0.0,12.0,100,20.0,Breakfast,0,
Chocolate Cake,Dessert,537,4.8,72.9,27.7,3.0,55.1,500,30.4,Dessert,0,
Chocolate Mousse,Dessert,338,6.2,24.1,24.0,0.9,22.2,81,210.0,Dessert,0,
Donuts,Bakery/Snack,192,2.3,22.9,10.3,0.7,0.0,200,14.4,Breakfast,0,
French Toast,Breakfast,178,5.2,18.0,9.4,0.0,0.0,300,58.1,Breakfast,0,
Frozen Yogurt,Dessert,221,5.2,37.6,6.3,4.0,33.5,100,22.6,Dessert,0,
Nachos,Snack,480,14.8,45.0,26.6,8.0,0.0,800,37.1,Snack,0,
Omelette,Protein/Dairy,94,6.4,0.4,7.1,0.0,0.2,13,190.9,Breakfast,0,
Paprika,Spice/Condiment,19,1.0,3.7,0.9,2.4,0.7,61,0.0,Any,0,
Strawberry Shortcake,Dessert,98,1.7,13.7,4.0,0.0,0.0,100,0.8,Dessert,0,
Baby Back Ribs,Meat,290,26.0,0.0,20.0,0.0,0.0,70,97.0,Lunch/Dinner,0,
Beet Salad,Vegetable,90,2.5,14.0,3.5,3.0,9.5,180,0.0,Lunch,300,
Beetroot,Vegetable,43,1.6,9.6,0.2,2.8,6.8,78,0.0,Any,250,
Bibimbap,Rice/Grain,490,24.0,56.0,18.0,4.0,6.0,890,75.0,Lunch/Dinner,300,
Bread Pudding,Dessert,320,7.0,45.0,12.0,1.0,22.0,310,90.0,Dessert,0,
Capsicum,Vegetable,31,1.0,6.0,0.3,2.1,4.2,3,0.0,Any,250,
Carrot Cake,Dessert,415,4.5,55.0,21.0,2.0,36.0,340,55.0,Dessert,0,
Cheese Plate,Protein/Dairy,380,20.0,5.0,31.0,0.0,1.0,620,90.0,Snack,0,
Chicken Curry,Meat,280,24.0,12.0,15.0,2.0,4.0,680,75.0,Lunch/Dinner,300,
Chicken Wings,Meat,260,22.0,0.0,18.0,0.0,0.0,640,85.0,Snack,0,
Chilli Pepper,Spice/Condiment,40,1.9,8.8,0.4,1.5,5.3,9,0.0,Any,0,
Creme Brulee,Dessert,330,5.0,26.0,23.0,0.0,22.0,55,220.0,Dessert,0,
Cup Cakes,Bakery/Snack,305,3.0,45.0,13.0,0.5,30.0,260,40.0,Dessert,0,
Dumplings,Snack,220,10.0,28.0,7.0,1.5,2.0,490,35.0,Snack,0,
Fish And Chips,Seafood,520,25.0,48.0,25.0,3.0,2.0,780,70.0,Lunch/Dinner,300,
Fried Calamari,Seafood,295,18.0,20.0,16.0,0.5,1.0,490,70.0,Appetizer,0,
Greek Salad,Vegetable,185,5.0,9.0,15.0,2.5,5.5,480,17.0,Lunch,300,
Grilled Salmon,Seafood,280,34.0,0.0,15.0,0.0,0.0,75,95.0,Lunch/Dinner,300,
Hot And Sour Soup,Soup,110,8.0,12.0,3.5,1.0,3.0,890,30.0,Lunch/Dinner,400,
Hot Dog,Meat,290,11.0,23.0,17.0,1.0,5.0,680,35.0,Snack,0,
Macaroni And Cheese,Grain,310,12.0,40.0,12.0,1.5,6.0,620,30.0,Lunch/Dinner,0,
Macarons,Dessert,100,1.5,15.0,4.0,0.5,13.0,15,0.0,Dessert,0,
Oysters,Seafood,69,7.0,4.0,2.5,0.0,0.0,190,55.0,Appetizer,0,
Poutine,Grain,740,23.0,80.0,37.0,5.0,4.0,1380,80.0,Lunch/Dinner,0,
Red Velvet Cake,Dessert,430,5.0,60.0,20.0,1.0,42.0,350,65.0,Dessert,0,
Soy Beans,Protein/Dairy,298,28.6,17.1,15.4,9.3,7.3,1,0.0,Any,250,
Spaghetti Carbonara,Grain,490,20.0,58.0,20.0,2.5,3.0,480,95.0,Lunch/Dinner,0,
Spring Rolls,Snack,165,5.0,22.0,6.5,1.5,2.5,310,15.0,Snack/Appetizer,0,
Sushi,Seafood,350,15.0,55.0,5.0,1.5,8.0,620,30.0,Lunch/Dinner,200,
Sweetcorn,Vegetable,86,3.2,19.0,1.2,2.4,6.3,15,0.0,Any,200,
Pineapple,Fruit,82,0.9,21.6,0.2,2.3,16.3,2,0.0,Any,200,
Eggs,Protein/Dairy,155,13.0,1.1,11.0,0.0,1.1,124,373.0,Breakfast,0,
Fish,Seafood,136,26.0,0.0,3.0,0.0,0.0,75,65.0,Lunch/Dinner,0,
Ginger,Spice/Condiment,80,1.8,18.0,0.8,2.0,1.7,13,0.0,Any,0,
Steak,Meat,271,26.0,0.0,18.0,0.0,0.0,64,80.0,Lunch/Dinner,0,
Cabbage,Vegetable,25,1.3,5.8,0.1,2.5,3.2,18,0.0,Any,0,
Cauliflower,Vegetable,25,1.9,5.0,0.3,2.0,1.9,30,0.0,Any,0,
Cheese Sandwich,Grain,290,13.0,28.0,14.0,1.5,3.0,580,40.0,Lunch,0,
Chicken,Meat,239,27.0,0.0,14.0,0.0,0.0,77,88.0,Lunch/Dinner,0,
Fried Rice,Rice/Grain,238,5.6,34.0,8.7,1.2,1.5,730,55.0,Lunch/Dinner,0,
Kiwi,Fruit,61,1.1,14.7,0.5,3.0,9.0,3,0.0,Any,150,
Lemon,Fruit,29,1.1,9.3,0.3,2.8,2.5,2,0.0,Any,0,
Peas,Vegetable,81,5.4,14.5,0.4,5.1,5.7,5,0.0,Any,0,
Pho,Soup,215,16.0,25.0,5.0,1.5,3.0,980,35.0,Lunch/Dinner,400,
Tacos,Meat,226,12.0,20.0,11.0,2.5,2.0,410,35.0,Lunch/Dinner,0,
